run_dir,run_name,input_csv,target_model,model_name,model_dir,selection_variant,formula,re_formula,group_col,optimizer,converged,aic,bic,log_likelihood,nobs,residual_variance,R2m,R2c,random_effect_variance_semantic_role,random_effect_variance_syntactic_role,random_effect_variance_valence,random_effect_variance_dominance
/mnt/hum01-rds/Nikolaev_Dmitry/flos-code/model_selection_data/runs/he_she_odds_results__Qwen_Qwen3-4B-Base__2bc637df,he_she_odds_results__Qwen_Qwen3-4B-Base__2bc637df,/mnt/hum01-rds/Nikolaev_Dmitry/flos-code/he_she_odds_results__Qwen_Qwen3-4B-Base.csv,Qwen_Qwen3-4B-Base,selected_mixed_random_slopes,/mnt/hum01-rds/Nikolaev_Dmitry/flos-code/model_selection_data/runs/he_she_odds_results__Qwen_Qwen3-4B-Base__2bc637df/models/selected_mixed_random_slopes,random_slopes,log_he_she_odds ~ C(tense) + C(syntactic_role) + C(valence) + C(dominance) + C(tense):C(syntactic_role) + C(tense):C(valence) + C(tense):C(dominance) + C(syntactic_role):C(valence) + C(syntactic_role):C(dominance) + C(valence):C(dominance),1 + C(semantic_role) + C(syntactic_role) + C(valence) + C(dominance),profession,lbfgs,True,7355.17799475247,7648.13026239371,-3634.588997376235,6720,0.1674413420562159,0.020680456226875286,0.9018202439444927,0.02964402066003734,0.08810789791849323,0.006538023756944044,0.015819935190008086
/mnt/hum01-rds/Nikolaev_Dmitry/flos-code/model_selection_data/runs/he_she_odds_results__Qwen_Qwen3-4B-Base__2bc637df,he_she_odds_results__Qwen_Qwen3-4B-Base__2bc637df,/mnt/hum01-rds/Nikolaev_Dmitry/flos-code/he_she_odds_results__Qwen_Qwen3-4B-Base.csv,Qwen_Qwen3-4B-Base,selected_mixed_random_slopes__full,/mnt/hum01-rds/Nikolaev_Dmitry/flos-code/model_selection_data/runs/he_she_odds_results__Qwen_Qwen3-4B-Base__2bc637df/models/selected_mixed_random_slopes__full,random_slopes,log_he_she_odds ~ C(tense) + C(syntactic_role) + C(valence) + C(dominance) + C(tense):C(syntactic_role) + C(tense):C(valence) + C(tense):C(dominance) + C(syntactic_role):C(valence) + C(syntactic_role):C(dominance) + C(valence):C(dominance),1 + C(semantic_role) + C(syntactic_role) + C(valence) + C(dominance),profession,lbfgs,True,7355.17799475247,7648.13026239371,-3634.588997376235,6720,0.1674413420562159,0.020680456226875286,0.9018202439444927,0.02964402066003734,0.08810789791849323,0.006538023756944044,0.015819935190008086
/mnt/hum01-rds/Nikolaev_Dmitry/flos-code/model_selection_data/runs/he_she_odds_results__Qwen_Qwen3-4B-Base__2bc637df,he_she_odds_results__Qwen_Qwen3-4B-Base__2bc637df,/mnt/hum01-rds/Nikolaev_Dmitry/flos-code/he_she_odds_results__Qwen_Qwen3-4B-Base.csv,Qwen_Qwen3-4B-Base,selected_mixed_random_slopes__candidate__0__C_tense_C_dominance,/mnt/hum01-rds/Nikolaev_Dmitry/flos-code/model_selection_data/runs/he_she_odds_results__Qwen_Qwen3-4B-Base__2bc637df/models/selected_mixed_random_slopes__candidate__0__C_tense_C_dominance,random_slopes,log_he_she_odds ~ C(tense) + C(syntactic_role) + C(valence) + C(dominance) + C(tense):C(syntactic_role) + C(tense):C(valence) + C(syntactic_role):C(valence) + C(syntactic_role):C(dominance) + C(valence):C(dominance),1 + C(semantic_role) + C(syntactic_role) + C(valence) + C(dominance),profession,lbfgs,True,7358.973628555854,7617.861679029507,-3641.486814277927,6720,0.16781707388327902,0.02043411760825674,0.9004215952314726,0.028164346127168373,0.08491642789567823,0.0065887731361858855,0.0138538463446008
/mnt/hum01-rds/Nikolaev_Dmitry/flos-code/model_selection_data/runs/he_she_odds_results__Qwen_Qwen3-4B-Base__2bc637df,he_she_odds_results__Qwen_Qwen3-4B-Base__2bc637df,/mnt/hum01-rds/Nikolaev_Dmitry/flos-code/he_she_odds_results__Qwen_Qwen3-4B-Base.csv,Qwen_Qwen3-4B-Base,selected_mixed_random_slopes__candidate__0__C_syntactic_role_C_dominance,/mnt/hum01-rds/Nikolaev_Dmitry/flos-code/model_selection_data/runs/he_she_odds_results__Qwen_Qwen3-4B-Base__2bc637df/models/selected_mixed_random_slopes__candidate__0__C_syntactic_role_C_dominance,random_slopes,log_he_she_odds ~ C(tense) + C(syntactic_role) + C(valence) + C(dominance) + C(tense):C(syntactic_role) + C(tense):C(valence) + C(tense):C(dominance) + C(syntactic_role):C(valence) + C(valence):C(dominance),1 + C(semantic_role) + C(syntactic_role) + C(valence) + C(dominance),profession,lbfgs,True,7362.457440703351,7648.596864911073,-3639.2287203516753,6720,0.16768640009049668,0.020315188562040058,0.9023434396078187,0.029348776964672856,0.08851227151357535,0.006532435356016192,0.0154419809455056
/mnt/hum01-rds/Nikolaev_Dmitry/flos-code/model_selection_data/runs/he_she_odds_results__Qwen_Qwen3-4B-Base__2bc637df,he_she_odds_results__Qwen_Qwen3-4B-Base__2bc637df,/mnt/hum01-rds/Nikolaev_Dmitry/flos-code/he_she_odds_results__Qwen_Qwen3-4B-Base.csv,Qwen_Qwen3-4B-Base,selected_mixed_random_slopes__candidate__0__C_syntactic_role_C_valence,/mnt/hum01-rds/Nikolaev_Dmitry/flos-code/model_selection_data/runs/he_she_odds_results__Qwen_Qwen3-4B-Base__2bc637df/models/selected_mixed_random_slopes__candidate__0__C_syntactic_role_C_valence,random_slopes,log_he_she_odds ~ C(tense) + C(syntactic_role) + C(valence) + C(dominance) + C(tense):C(syntactic_role) + C(tense):C(valence) + C(tense):C(dominance) + C(syntactic_role):C(dominance) + C(valence):C(dominance),1 + C(semantic_role) + C(syntactic_role) + C(valence) + C(dominance),profession,lbfgs,True,7364.228078625296,7650.367502833018,-3640.114039312648,6720,0.16773849282892161,0.020466159433671322,0.9008184211821242,0.028756469457193422,0.08526441775388931,0.00663314132592416,0.014281129373831398
/mnt/hum01-rds/Nikolaev_Dmitry/flos-code/model_selection_data/runs/he_she_odds_results__Qwen_Qwen3-4B-Base__2bc637df,he_she_odds_results__Qwen_Qwen3-4B-Base__2bc637df,/mnt/hum01-rds/Nikolaev_Dmitry/flos-code/he_she_odds_results__Qwen_Qwen3-4B-Base.csv,Qwen_Qwen3-4B-Base,selected_mixed_random_slopes__candidate__0__C_tense_C_valence,/mnt/hum01-rds/Nikolaev_Dmitry/flos-code/model_selection_data/runs/he_she_odds_results__Qwen_Qwen3-4B-Base__2bc637df/models/selected_mixed_random_slopes__candidate__0__C_tense_C_valence,random_slopes,log_he_she_odds ~ C(tense) + C(syntactic_role) + C(valence) + C(dominance) + C(tense):C(syntactic_role) + C(tense):C(dominance) + C(syntactic_role):C(valence) + C(syntactic_role):C(dominance) + C(valence):C(dominance),1 + C(semantic_role) + C(syntactic_role) + C(valence) + C(dominance),profession,lbfgs,True,7376.39523369629,7635.283284169944,-3650.197616848145,6720,0.16825925873972694,0.022479445733345017,0.8911304865214047,0.02664433397759034,0.08175304892740287,0.005895089102355522,0.014950376852747813
/mnt/hum01-rds/Nikolaev_Dmitry/flos-code/model_selection_data/runs/he_she_odds_results__Qwen_Qwen3-4B-Base__2bc637df,he_she_odds_results__Qwen_Qwen3-4B-Base__2bc637df,/mnt/hum01-rds/Nikolaev_Dmitry/flos-code/he_she_odds_results__Qwen_Qwen3-4B-Base.csv,Qwen_Qwen3-4B-Base,selected_mixed_random_slopes__candidate__0__C_tense_C_syntactic_role,/mnt/hum01-rds/Nikolaev_Dmitry/flos-code/model_selection_data/runs/he_she_odds_results__Qwen_Qwen3-4B-Base__2bc637df/models/selected_mixed_random_slopes__candidate__0__C_tense_C_syntactic_role,random_slopes,log_he_she_odds ~ C(tense) + C(syntactic_role) + C(valence) + C(dominance) + C(tense):C(valence) + C(tense):C(dominance) + C(syntactic_role):C(valence) + C(syntactic_role):C(dominance) + C(valence):C(dominance),1 + C(semantic_role) + C(syntactic_role) + C(valence) + C(dominance),profession,lbfgs,True,7377.150277776964,7636.038328250617,-3650.575138888482,6720,0.16829543036412736,0.022104645290102108,0.8922273071916075,0.02693672718477489,0.08177608076995757,0.006013255959026286,0.014467376381973563
/mnt/hum01-rds/Nikolaev_Dmitry/flos-code/model_selection_data/runs/he_she_odds_results__Qwen_Qwen3-4B-Base__2bc637df,he_she_odds_results__Qwen_Qwen3-4B-Base__2bc637df,/mnt/hum01-rds/Nikolaev_Dmitry/flos-code/he_she_odds_results__Qwen_Qwen3-4B-Base.csv,Qwen_Qwen3-4B-Base,selected_mixed_random_slopes__candidate__0__C_valence_C_dominance,/mnt/hum01-rds/Nikolaev_Dmitry/flos-code/model_selection_data/runs/he_she_odds_results__Qwen_Qwen3-4B-Base__2bc637df/models/selected_mixed_random_slopes__candidate__0__C_valence_C_dominance,random_slopes,log_he_she_odds ~ C(tense) + C(syntactic_role) + C(valence) + C(dominance) + C(tense):C(syntactic_role) + C(tense):C(valence) + C(tense):C(dominance) + C(syntactic_role):C(valence) + C(syntactic_role):C(dominance),1 + C(semantic_role) + C(syntactic_role) + C(valence) + C(dominance),profession,lbfgs,False,7551.940450004549,7838.0798742122715,-3733.9702250022747,6720,0.1729531543458792,0.019409709251095048,0.8828447827779604,0.022633053464095016,0.06669737385826965,0.004797786570033698,0.012457638961546906
/mnt/hum01-rds/Nikolaev_Dmitry/flos-code/model_selection_data/runs/he_she_odds_results__Qwen_Qwen3-4B-Base__2bc637df,he_she_odds_results__Qwen_Qwen3-4B-Base__2bc637df,/mnt/hum01-rds/Nikolaev_Dmitry/flos-code/he_she_odds_results__Qwen_Qwen3-4B-Base.csv,Qwen_Qwen3-4B-Base,selected_mixed_random_slopes__random_intercept_baseline,/mnt/hum01-rds/Nikolaev_Dmitry/flos-code/model_selection_data/runs/he_she_odds_results__Qwen_Qwen3-4B-Base__2bc637df/models/selected_mixed_random_slopes__random_intercept_baseline,random_intercept_baseline,log_he_she_odds ~ C(tense) + C(syntactic_role) + C(valence) + C(dominance) + C(tense):C(syntactic_role) + C(tense):C(valence) + C(tense):C(dominance) + C(syntactic_role):C(valence) + C(syntactic_role):C(dominance) + C(valence):C(dominance),1,profession,lbfgs,True,8338.284203057017,8535.856662629016,-4140.142101528509,6720,0.19752885204936024,0.0399998180373128,0.8376029238695031,,,,
/mnt/hum01-rds/Nikolaev_Dmitry/flos-code/model_selection_data/runs/he_she_odds_results__allenai_Olmo-3-1025-7B__c14b47b7,he_she_odds_results__allenai_Olmo-3-1025-7B__c14b47b7,/mnt/hum01-rds/Nikolaev_Dmitry/flos-code/he_she_odds_results__allenai_Olmo-3-1025-7B.csv,allenai_Olmo-3-1025-7B,selected_mixed_random_slopes__candidate__0__C_syntactic_role_C_dominance,/mnt/hum01-rds/Nikolaev_Dmitry/flos-code/model_selection_data/runs/he_she_odds_results__allenai_Olmo-3-1025-7B__c14b47b7/models/selected_mixed_random_slopes__candidate__0__C_syntactic_role_C_dominance,random_slopes,log_he_she_odds ~ C(tense) + C(syntactic_role) + C(valence) + C(dominance) + C(tense):C(syntactic_role) + C(tense):C(valence) + C(tense):C(dominance) + C(syntactic_role):C(valence) + C(valence):C(dominance),1 + C(semantic_role) + C(syntactic_role) + C(valence) + C(dominance),profession,lbfgs,True,6969.46846106249,7255.607885270212,-3442.734230531245,6720,0.15830158552643414,0.030032811788381037,0.9086572938205999,0.0027130178591870916,0.030415892152019636,0.015826834551781067,0.014133496934478134
/mnt/hum01-rds/Nikolaev_Dmitry/flos-code/model_selection_data/runs/he_she_odds_results__allenai_Olmo-3-1025-7B__c14b47b7,he_she_odds_results__allenai_Olmo-3-1025-7B__c14b47b7,/mnt/hum01-rds/Nikolaev_Dmitry/flos-code/he_she_odds_results__allenai_Olmo-3-1025-7B.csv,allenai_Olmo-3-1025-7B,selected_mixed_random_slopes,/mnt/hum01-rds/Nikolaev_Dmitry/flos-code/model_selection_data/runs/he_she_odds_results__allenai_Olmo-3-1025-7B__c14b47b7/models/selected_mixed_random_slopes,random_slopes,log_he_she_odds ~ C(tense) + C(syntactic_role) + C(valence) + C(dominance) + C(tense):C(syntactic_role) + C(tense):C(valence) + C(tense):C(dominance) + C(valence):C(dominance),1 + C(semantic_role) + C(syntactic_role) + C(valence) + C(dominance),profession,lbfgs,True,6970.805686719679,7250.132267493884,-3444.4028433598396,6720,0.15838120648836326,0.030010326975402752,0.9085565091342407,0.0027108105404975297,0.03040516652484324,0.015805203185902908,0.0141350460499341
/mnt/hum01-rds/Nikolaev_Dmitry/flos-code/model_selection_data/runs/he_she_odds_results__allenai_Olmo-3-1025-7B__c14b47b7,he_she_odds_results__allenai_Olmo-3-1025-7B__c14b47b7,/mnt/hum01-rds/Nikolaev_Dmitry/flos-code/he_she_odds_results__allenai_Olmo-3-1025-7B.csv,allenai_Olmo-3-1025-7B,selected_mixed_random_slopes__candidate__1__C_syntactic_role_C_valence,/mnt/hum01-rds/Nikolaev_Dmitry/flos-code/model_selection_data/runs/he_she_odds_results__allenai_Olmo-3-1025-7B__c14b47b7/models/selected_mixed_random_slopes__candidate__1__C_syntactic_role_C_valence,random_slopes,log_he_she_odds ~ C(tense) + C(syntactic_role) + C(valence) + C(dominance) + C(tense):C(syntactic_role) + C(tense):C(valence) + C(tense):C(dominance) + C(valence):C(dominance),1 + C(semantic_role) + C(syntactic_role) + C(valence) + C(dominance),profession,lbfgs,True,6970.805686719679,7250.132267493884,-3444.4028433598396,6720,0.15838120648836326,0.030010326975402752,0.9085565091342407,0.0027108105404975297,0.03040516652484324,0.015805203185902908,0.0141350460499341
/mnt/hum01-rds/Nikolaev_Dmitry/flos-code/model_selection_data/runs/he_she_odds_results__allenai_Olmo-3-1025-7B__c14b47b7,he_she_odds_results__allenai_Olmo-3-1025-7B__c14b47b7,/mnt/hum01-rds/Nikolaev_Dmitry/flos-code/he_she_odds_results__allenai_Olmo-3-1025-7B.csv,allenai_Olmo-3-1025-7B,selected_mixed_random_slopes__full,/mnt/hum01-rds/Nikolaev_Dmitry/flos-code/model_selection_data/runs/he_she_odds_results__allenai_Olmo-3-1025-7B__c14b47b7/models/selected_mixed_random_slopes__full,random_slopes,log_he_she_odds ~ C(tense) + C(syntactic_role) + C(valence) + C(dominance) + C(tense):C(syntactic_role) + C(tense):C(valence) + C(tense):C(dominance) + C(syntactic_role):C(valence) + C(syntactic_role):C(dominance) + C(valence):C(dominance),1 + C(semantic_role) + C(syntactic_role) + C(valence) + C(dominance),profession,lbfgs,True,6971.468345909998,7264.420613551238,-3442.734172954999,6720,0.15830158224953564,0.03003282448172874,0.908657269485162,0.002713020304121056,0.030415893131527604,0.015826839364709987,0.01413349039618362
/mnt/hum01-rds/Nikolaev_Dmitry/flos-code/model_selection_data/runs/he_she_odds_results__allenai_Olmo-3-1025-7B__c14b47b7,he_she_odds_results__allenai_Olmo-3-1025-7B__c14b47b7,/mnt/hum01-rds/Nikolaev_Dmitry/flos-code/he_she_odds_results__allenai_Olmo-3-1025-7B.csv,allenai_Olmo-3-1025-7B,selected_mixed_random_slopes__candidate__0__C_syntactic_role_C_valence,/mnt/hum01-rds/Nikolaev_Dmitry/flos-code/model_selection_data/runs/he_she_odds_results__allenai_Olmo-3-1025-7B__c14b47b7/models/selected_mixed_random_slopes__candidate__0__C_syntactic_role_C_valence,random_slopes,log_he_she_odds ~ C(tense) + C(syntactic_role) + C(valence) + C(dominance) + C(tense):C(syntactic_role) + C(tense):C(valence) + C(tense):C(dominance) + C(syntactic_role):C(dominance) + C(valence):C(dominance),1 + C(semantic_role) + C(syntactic_role) + C(valence) + C(dominance),profession,lbfgs,True,6972.805571442528,7258.94499565025,-3444.402785721264,6720,0.15838120327621863,0.030010290994058848,0.9085566088569533,0.0027108114554731783,0.030405188769569765,0.015805223903790747,0.01413506205174204
/mnt/hum01-rds/Nikolaev_Dmitry/flos-code/model_selection_data/runs/he_she_odds_results__allenai_Olmo-3-1025-7B__c14b47b7,he_she_odds_results__allenai_Olmo-3-1025-7B__c14b47b7,/mnt/hum01-rds/Nikolaev_Dmitry/flos-code/he_she_odds_results__allenai_Olmo-3-1025-7B.csv,allenai_Olmo-3-1025-7B,selected_mixed_random_slopes__candidate__1__C_valence_C_dominance,/mnt/hum01-rds/Nikolaev_Dmitry/flos-code/model_selection_data/runs/he_she_odds_results__allenai_Olmo-3-1025-7B__c14b47b7/models/selected_mixed_random_slopes__candidate__1__C_valence_C_dominance,random_slopes,log_he_she_odds ~ C(tense) + C(syntactic_role) + C(valence) + C(dominance) + C(tense):C(syntactic_role) + C(tense):C(valence) + C(tense):C(dominance) + C(syntactic_role):C(valence),1 + C(semantic_role) + C(syntactic_role) + C(valence) + C(dominance),profession,lbfgs,True,6985.896411079404,7265.222991853609,-3451.948205539702,6720,0.15874070304500454,0.029780731912046214,0.9084006212033214,0.0027074919383448214,0.030415862350402157,0.015812209186592853,0.014143517146498688
/mnt/hum01-rds/Nikolaev_Dmitry/flos-code/model_selection_data/runs/he_she_odds_results__allenai_Olmo-3-1025-7B__c14b47b7,he_she_odds_results__allenai_Olmo-3-1025-7B__c14b47b7,/mnt/hum01-rds/Nikolaev_Dmitry/flos-code/he_she_odds_results__allenai_Olmo-3-1025-7B.csv,allenai_Olmo-3-1025-7B,selected_mixed_random_slopes__candidate__2__C_valence_C_dominance,/mnt/hum01-rds/Nikolaev_Dmitry/flos-code/model_selection_data/runs/he_she_odds_results__allenai_Olmo-3-1025-7B__c14b47b7/models/selected_mixed_random_slopes__candidate__2__C_valence_C_dominance,random_slopes,log_he_she_odds ~ C(tense) + C(syntactic_role) + C(valence) + C(dominance) + C(tense):C(syntactic_role) + C(tense):C(valence) + C(tense):C(dominance),1 + C(semantic_role) + C(syntactic_role) + C(valence) + C(dominance),profession,lbfgs,True,6987.224371937758,7259.738109278446,-3453.612185968879,6720,0.15882009380031237,0.029733322676309386,0.9083620844253961,0.002707029458893567,0.030414679987306174,0.015812699841932922,0.01414401397826351
/mnt/hum01-rds/Nikolaev_Dmitry/flos-code/model_selection_data/runs/he_she_odds_results__allenai_Olmo-3-1025-7B__c14b47b7,he_she_odds_results__allenai_Olmo-3-1025-7B__c14b47b7,/mnt/hum01-rds/Nikolaev_Dmitry/flos-code/he_she_odds_results__allenai_Olmo-3-1025-7B.csv,allenai_Olmo-3-1025-7B,selected_mixed_random_slopes__candidate__1__C_tense_C_valence,/mnt/hum01-rds/Nikolaev_Dmitry/flos-code/model_selection_data/runs/he_she_odds_results__allenai_Olmo-3-1025-7B__c14b47b7/models/selected_mixed_random_slopes__candidate__1__C_tense_C_valence,random_slopes,log_he_she_odds ~ C(tense) + C(syntactic_role) + C(valence) + C(dominance) + C(tense):C(syntactic_role) + C(tense):C(dominance) + C(syntactic_role):C(valence) + C(valence):C(dominance),1 + C(semantic_role) + C(syntactic_role) + C(valence) + C(dominance),profession,lbfgs,True,6987.781817633688,7239.857024673824,-3456.890908816844,6720,0.15897694609379223,0.02965323252801967,0.9082411244135782,0.002705285529236914,0.030411988146092736,0.015806858082149714,0.014140335463917596
/mnt/hum01-rds/Nikolaev_Dmitry/flos-code/model_selection_data/runs/he_she_odds_results__allenai_Olmo-3-1025-7B__c14b47b7,he_she_odds_results__allenai_Olmo-3-1025-7B__c14b47b7,/mnt/hum01-rds/Nikolaev_Dmitry/flos-code/he_she_odds_results__allenai_Olmo-3-1025-7B.csv,allenai_Olmo-3-1025-7B,selected_mixed_random_slopes__candidate__0__C_valence_C_dominance,/mnt/hum01-rds/Nikolaev_Dmitry/flos-code/model_selection_data/runs/he_she_odds_results__allenai_Olmo-3-1025-7B__c14b47b7/models/selected_mixed_random_slopes__candidate__0__C_valence_C_dominance,random_slopes,log_he_she_odds ~ C(tense) + C(syntactic_role) + C(valence) + C(dominance) + C(tense):C(syntactic_role) + C(tense):C(valence) + C(tense):C(dominance) + C(syntactic_role):C(valence) + C(syntactic_role):C(dominance),1 + C(semantic_role) + C(syntactic_role) + C(valence) + C(dominance),profession,lbfgs,True,6987.8962961790385,7274.035720386761,-3451.9481480895192,6720,0.15874070030007498,0.029780733374930812,0.9084006230451753,0.002707491963886923,0.030415862340491758,0.015812209209464245,0.014143517245538589
/mnt/hum01-rds/Nikolaev_Dmitry/flos-code/model_selection_data/runs/he_she_odds_results__allenai_Olmo-3-1025-7B__c14b47b7,he_she_odds_results__allenai_Olmo-3-1025-7B__c14b47b7,/mnt/hum01-rds/Nikolaev_Dmitry/flos-code/he_she_odds_results__allenai_Olmo-3-1025-7B.csv,allenai_Olmo-3-1025-7B,selected_mixed_random_slopes__candidate__2__C_tense_C_valence,/mnt/hum01-rds/Nikolaev_Dmitry/flos-code/model_selection_data/runs/he_she_odds_results__allenai_Olmo-3-1025-7B__c14b47b7/models/selected_mixed_random_slopes__candidate__2__C_tense_C_valence,random_slopes,log_he_she_odds ~ C(tense) + C(syntactic_role) + C(valence) + C(dominance) + C(tense):C(syntactic_role) + C(tense):C(dominance) + C(valence):C(dominance),1 + C(semantic_role) + C(syntactic_role) + C(valence) + C(dominance),profession,lbfgs,True,6989.104845743052,7234.367209349671,-3458.552422871526,6720,0.15905594875040674,0.029599816017818924,0.9082136558183747,0.0027077314528529293,0.030410194426896287,0.015812551725405483,0.014140355965123287
/mnt/hum01-rds/Nikolaev_Dmitry/flos-code/model_selection_data/runs/he_she_odds_results__allenai_Olmo-3-1025-7B__c14b47b7,he_she_odds_results__allenai_Olmo-3-1025-7B__c14b47b7,/mnt/hum01-rds/Nikolaev_Dmitry/flos-code/he_she_odds_results__allenai_Olmo-3-1025-7B.csv,allenai_Olmo-3-1025-7B,selected_mixed_random_slopes__candidate__0__C_tense_C_valence,/mnt/hum01-rds/Nikolaev_Dmitry/flos-code/model_selection_data/runs/he_she_odds_results__allenai_Olmo-3-1025-7B__c14b47b7/models/selected_mixed_random_slopes__candidate__0__C_tense_C_valence,random_slopes,log_he_she_odds ~ C(tense) + C(syntactic_role) + C(valence) + C(dominance) + C(tense):C(syntactic_role) + C(tense):C(dominance) + C(syntactic_role):C(valence) + C(syntactic_role):C(dominance) + C(valence):C(dominance),1 + C(semantic_role) + C(syntactic_role) + C(valence) + C(dominance),profession,lbfgs,True,6989.781702904562,7248.669753378215,-3456.890851452281,6720,0.15897694335357135,0.029653234199370593,0.9082411257648356,0.0027052855526191887,0.030411988107933028,0.015806858039573487,0.014140335445663545
/mnt/hum01-rds/Nikolaev_Dmitry/flos-code/model_selection_data/runs/he_she_odds_results__allenai_Olmo-3-1025-7B__c14b47b7,he_she_odds_results__allenai_Olmo-3-1025-7B__c14b47b7,/mnt/hum01-rds/Nikolaev_Dmitry/flos-code/he_she_odds_results__allenai_Olmo-3-1025-7B.csv,allenai_Olmo-3-1025-7B,selected_mixed_random_slopes__candidate__1__C_tense_C_dominance,/mnt/hum01-rds/Nikolaev_Dmitry/flos-code/model_selection_data/runs/he_she_odds_results__allenai_Olmo-3-1025-7B__c14b47b7/models/selected_mixed_random_slopes__candidate__1__C_tense_C_dominance,random_slopes,log_he_she_odds ~ C(tense) + C(syntactic_role) + C(valence) + C(dominance) + C(tense):C(syntactic_role) + C(tense):C(valence) + C(syntactic_role):C(valence) + C(valence):C(dominance),1 + C(semantic_role) + C(syntactic_role) + C(valence) + C(dominance),profession,lbfgs,True,7001.459051143684,7253.5342581838195,-3463.729525571842,6720,0.15930431053252878,0.029466295611774516,0.908068941757665,0.002700921223567799,0.030415240473563747,0.015805055594597984,0.014133461598011104
/mnt/hum01-rds/Nikolaev_Dmitry/flos-code/model_selection_data/runs/he_she_odds_results__allenai_Olmo-3-1025-7B__c14b47b7,he_she_odds_results__allenai_Olmo-3-1025-7B__c14b47b7,/mnt/hum01-rds/Nikolaev_Dmitry/flos-code/he_she_odds_results__allenai_Olmo-3-1025-7B.csv,allenai_Olmo-3-1025-7B,selected_mixed_random_slopes__candidate__2__C_tense_C_dominance,/mnt/hum01-rds/Nikolaev_Dmitry/flos-code/model_selection_data/runs/he_she_odds_results__allenai_Olmo-3-1025-7B__c14b47b7/models/selected_mixed_random_slopes__candidate__2__C_tense_C_dominance,random_slopes,log_he_she_odds ~ C(tense) + C(syntactic_role) + C(valence) + C(dominance) + C(tense):C(syntactic_role) + C(tense):C(valence) + C(valence):C(dominance),1 + C(semantic_role) + C(syntactic_role) + C(valence) + C(dominance),profession,lbfgs,True,7002.775229789884,7248.037593396503,-3465.387614894942,6720,0.1593837391560084,0.029415244799832395,0.9080343604997178,0.0026992456131986536,0.03041459876855403,0.015807807977964265,0.014134495659281373
/mnt/hum01-rds/Nikolaev_Dmitry/flos-code/model_selection_data/runs/he_she_odds_results__allenai_Olmo-3-1025-7B__c14b47b7,he_she_odds_results__allenai_Olmo-3-1025-7B__c14b47b7,/mnt/hum01-rds/Nikolaev_Dmitry/flos-code/he_she_odds_results__allenai_Olmo-3-1025-7B.csv,allenai_Olmo-3-1025-7B,selected_mixed_random_slopes__candidate__0__C_tense_C_dominance,/mnt/hum01-rds/Nikolaev_Dmitry/flos-code/model_selection_data/runs/he_she_odds_results__allenai_Olmo-3-1025-7B__c14b47b7/models/selected_mixed_random_slopes__candidate__0__C_tense_C_dominance,random_slopes,log_he_she_odds ~ C(tense) + C(syntactic_role) + C(valence) + C(dominance) + C(tense):C(syntactic_role) + C(tense):C(valence) + C(syntactic_role):C(valence) + C(syntactic_role):C(dominance) + C(valence):C(dominance),1 + C(semantic_role) + C(syntactic_role) + C(valence) + C(dominance),profession,lbfgs,True,7003.458936650051,7262.346987123705,-3463.7294683250257,6720,0.15930430779122992,0.02946629728376664,0.9080689430399429,0.0027009212481754587,0.030415240477132184,0.015805055547086624,0.014133461617331205
/mnt/hum01-rds/Nikolaev_Dmitry/flos-code/model_selection_data/runs/he_she_odds_results__allenai_Olmo-3-1025-7B__c14b47b7,he_she_odds_results__allenai_Olmo-3-1025-7B__c14b47b7,/mnt/hum01-rds/Nikolaev_Dmitry/flos-code/he_she_odds_results__allenai_Olmo-3-1025-7B.csv,allenai_Olmo-3-1025-7B,selected_mixed_random_slopes__candidate__1__C_tense_C_syntactic_role,/mnt/hum01-rds/Nikolaev_Dmitry/flos-code/model_selection_data/runs/he_she_odds_results__allenai_Olmo-3-1025-7B__c14b47b7/models/selected_mixed_random_slopes__candidate__1__C_tense_C_syntactic_role,random_slopes,log_he_she_odds ~ C(tense) + C(syntactic_role) + C(valence) + C(dominance) + C(tense):C(valence) + C(tense):C(dominance) + C(syntactic_role):C(valence) + C(valence):C(dominance),1 + C(semantic_role) + C(syntactic_role) + C(valence) + C(dominance),profession,lbfgs,True,7033.0051158812785,7285.080322921414,-3479.5025579406392,6720,0.16006169782206217,0.029027326858716066,0.9076319115581221,0.0026959084127807405,0.03040480439682377,0.015801789492217784,0.014132101236398464
/mnt/hum01-rds/Nikolaev_Dmitry/flos-code/model_selection_data/runs/he_she_odds_results__allenai_Olmo-3-1025-7B__c14b47b7,he_she_odds_results__allenai_Olmo-3-1025-7B__c14b47b7,/mnt/hum01-rds/Nikolaev_Dmitry/flos-code/he_she_odds_results__allenai_Olmo-3-1025-7B.csv,allenai_Olmo-3-1025-7B,selected_mixed_random_slopes__candidate__2__C_tense_C_syntactic_role,/mnt/hum01-rds/Nikolaev_Dmitry/flos-code/model_selection_data/runs/he_she_odds_results__allenai_Olmo-3-1025-7B__c14b47b7/models/selected_mixed_random_slopes__candidate__2__C_tense_C_syntactic_role,random_slopes,log_he_she_odds ~ C(tense) + C(syntactic_role) + C(valence) + C(dominance) + C(tense):C(valence) + C(tense):C(dominance) + C(valence):C(dominance),1 + C(semantic_role) + C(syntactic_role) + C(valence) + C(dominance),profession,lbfgs,True,7034.305618565464,7279.567982172083,-3481.152809282732,6720,0.16014116332241446,0.02898198132176992,0.9075858852347808,0.0026952384178462597,0.03040458236250948,0.015801116166603933,0.014131296340052103
/mnt/hum01-rds/Nikolaev_Dmitry/flos-code/model_selection_data/runs/he_she_odds_results__allenai_Olmo-3-1025-7B__c14b47b7,he_she_odds_results__allenai_Olmo-3-1025-7B__c14b47b7,/mnt/hum01-rds/Nikolaev_Dmitry/flos-code/he_she_odds_results__allenai_Olmo-3-1025-7B.csv,allenai_Olmo-3-1025-7B,selected_mixed_random_slopes__candidate__0__C_tense_C_syntactic_role,/mnt/hum01-rds/Nikolaev_Dmitry/flos-code/model_selection_data/runs/he_she_odds_results__allenai_Olmo-3-1025-7B__c14b47b7/models/selected_mixed_random_slopes__candidate__0__C_tense_C_syntactic_role,random_slopes,log_he_she_odds ~ C(tense) + C(syntactic_role) + C(valence) + C(dominance) + C(tense):C(valence) + C(tense):C(dominance) + C(syntactic_role):C(valence) + C(syntactic_role):C(dominance) + C(valence):C(dominance),1 + C(semantic_role) + C(syntactic_role) + C(valence) + C(dominance),profession,lbfgs,True,7035.005001929298,7293.893052402951,-3479.502500964649,6720,0.16006169507863766,0.029027328438973668,0.9076319131177903,0.0026959084356606975,0.030404804397892338,0.01580178950202252,0.014132101295423978
/mnt/hum01-rds/Nikolaev_Dmitry/flos-code/model_selection_data/runs/he_she_odds_results__allenai_Olmo-3-1025-7B__c14b47b7,he_she_odds_results__allenai_Olmo-3-1025-7B__c14b47b7,/mnt/hum01-rds/Nikolaev_Dmitry/flos-code/he_she_odds_results__allenai_Olmo-3-1025-7B.csv,allenai_Olmo-3-1025-7B,selected_mixed_random_slopes__random_intercept_baseline,/mnt/hum01-rds/Nikolaev_Dmitry/flos-code/model_selection_data/runs/he_she_odds_results__allenai_Olmo-3-1025-7B__c14b47b7/models/selected_mixed_random_slopes__random_intercept_baseline,random_intercept_baseline,log_he_she_odds ~ C(tense) + C(syntactic_role) + C(valence) + C(dominance) + C(tense):C(syntactic_role) + C(tense):C(valence) + C(tense):C(dominance) + C(valence):C(dominance),1,profession,lbfgs,True,7490.708384209502,7674.655156914466,-3718.354192104751,6720,0.1740346307988824,0.03197654966242966,0.8961563344535752,,,,
/mnt/hum01-rds/Nikolaev_Dmitry/flos-code/model_selection_data/runs/he_she_odds_results__google_gemma-3-4b-pt__ccb39b90,he_she_odds_results__google_gemma-3-4b-pt__ccb39b90,/mnt/hum01-rds/Nikolaev_Dmitry/flos-code/he_she_odds_results__google_gemma-3-4b-pt.csv,google_gemma-3-4b-pt,selected_mixed_random_slopes,/mnt/hum01-rds/Nikolaev_Dmitry/flos-code/model_selection_data/runs/he_she_odds_results__google_gemma-3-4b-pt__ccb39b90/models/selected_mixed_random_slopes,random_slopes,log_he_she_odds ~ C(tense) + C(syntactic_role) + C(valence) + C(dominance) + C(tense):C(syntactic_role) + C(tense):C(valence) + C(tense):C(dominance) + C(syntactic_role):C(valence) + C(valence):C(dominance),1 + C(semantic_role) + C(syntactic_role) + C(valence) + C(dominance),profession,lbfgs,True,4523.5520864519785,4809.691510659701,-2219.7760432259893,6720,0.10979791429930232,0.030783535417569546,0.9471917624990203,0.011569028135159845,0.0194862464066725,0.006004203048239303,0.004405752155529311
/mnt/hum01-rds/Nikolaev_Dmitry/flos-code/model_selection_data/runs/he_she_odds_results__google_gemma-3-4b-pt__ccb39b90,he_she_odds_results__google_gemma-3-4b-pt__ccb39b90,/mnt/hum01-rds/Nikolaev_Dmitry/flos-code/he_she_odds_results__google_gemma-3-4b-pt.csv,google_gemma-3-4b-pt,selected_mixed_random_slopes__candidate__0__C_syntactic_role_C_dominance,/mnt/hum01-rds/Nikolaev_Dmitry/flos-code/model_selection_data/runs/he_she_odds_results__google_gemma-3-4b-pt__ccb39b90/models/selected_mixed_random_slopes__candidate__0__C_syntactic_role_C_dominance,random_slopes,log_he_she_odds ~ C(tense) + C(syntactic_role) + C(valence) + C(dominance) + C(tense):C(syntactic_role) + C(tense):C(valence) + C(tense):C(dominance) + C(syntactic_role):C(valence) + C(valence):C(dominance),1 + C(semantic_role) + C(syntactic_role) + C(valence) + C(dominance),profession,lbfgs,True,4523.5520864519785,4809.691510659701,-2219.7760432259893,6720,0.10979791429930232,0.030783535417569546,0.9471917624990203,0.011569028135159845,0.0194862464066725,0.006004203048239303,0.004405752155529311
/mnt/hum01-rds/Nikolaev_Dmitry/flos-code/model_selection_data/runs/he_she_odds_results__google_gemma-3-4b-pt__ccb39b90,he_she_odds_results__google_gemma-3-4b-pt__ccb39b90,/mnt/hum01-rds/Nikolaev_Dmitry/flos-code/he_she_odds_results__google_gemma-3-4b-pt.csv,google_gemma-3-4b-pt,selected_mixed_random_slopes__full,/mnt/hum01-rds/Nikolaev_Dmitry/flos-code/model_selection_data/runs/he_she_odds_results__google_gemma-3-4b-pt__ccb39b90/models/selected_mixed_random_slopes__full,random_slopes,log_he_she_odds ~ C(tense) + C(syntactic_role) + C(valence) + C(dominance) + C(tense):C(syntactic_role) + C(tense):C(valence) + C(tense):C(dominance) + C(syntactic_role):C(valence) + C(syntactic_role):C(dominance) + C(valence):C(dominance),1 + C(semantic_role) + C(syntactic_role) + C(valence) + C(dominance),profession,lbfgs,True,4524.628383911768,4817.580651553008,-2219.314191955884,6720,0.10978260557357722,0.03078936832648685,0.9472011674727067,0.011570140090971189,0.019489056318554288,0.006005029343766593,0.0044046337839004105
/mnt/hum01-rds/Nikolaev_Dmitry/flos-code/model_selection_data/runs/he_she_odds_results__google_gemma-3-4b-pt__ccb39b90,he_she_odds_results__google_gemma-3-4b-pt__ccb39b90,/mnt/hum01-rds/Nikolaev_Dmitry/flos-code/he_she_odds_results__google_gemma-3-4b-pt.csv,google_gemma-3-4b-pt,selected_mixed_random_slopes__candidate__1__C_tense_C_dominance,/mnt/hum01-rds/Nikolaev_Dmitry/flos-code/model_selection_data/runs/he_she_odds_results__google_gemma-3-4b-pt__ccb39b90/models/selected_mixed_random_slopes__candidate__1__C_tense_C_dominance,random_slopes,log_he_she_odds ~ C(tense) + C(syntactic_role) + C(valence) + C(dominance) + C(tense):C(syntactic_role) + C(tense):C(valence) + C(syntactic_role):C(valence) + C(valence):C(dominance),1 + C(semantic_role) + C(syntactic_role) + C(valence) + C(dominance),profession,lbfgs,True,4542.411501083137,4794.486708123273,-2234.2057505415687,6720,0.11027478449956866,0.03051283400205523,0.9470193492036179,0.011574407044493952,0.019512514492146953,0.0060078475375306235,0.004399473034309126
/mnt/hum01-rds/Nikolaev_Dmitry/flos-code/model_selection_data/runs/he_she_odds_results__google_gemma-3-4b-pt__ccb39b90,he_she_odds_results__google_gemma-3-4b-pt__ccb39b90,/mnt/hum01-rds/Nikolaev_Dmitry/flos-code/he_she_odds_results__google_gemma-3-4b-pt.csv,google_gemma-3-4b-pt,selected_mixed_random_slopes__candidate__0__C_tense_C_dominance,/mnt/hum01-rds/Nikolaev_Dmitry/flos-code/model_selection_data/runs/he_she_odds_results__google_gemma-3-4b-pt__ccb39b90/models/selected_mixed_random_slopes__candidate__0__C_tense_C_dominance,random_slopes,log_he_she_odds ~ C(tense) + C(syntactic_role) + C(valence) + C(dominance) + C(tense):C(syntactic_role) + C(tense):C(valence) + C(syntactic_role):C(valence) + C(syntactic_role):C(dominance) + C(valence):C(dominance),1 + C(semantic_role) + C(syntactic_role) + C(valence) + C(dominance),profession,lbfgs,True,4543.491799428048,4802.379849901701,-2233.745899714024,6720,0.11025957593286916,0.03052229545044696,0.9470230209154668,0.011574833801305657,0.01951240844279377,0.0060075290950090685,0.004398804206585278
/mnt/hum01-rds/Nikolaev_Dmitry/flos-code/model_selection_data/runs/he_she_odds_results__google_gemma-3-4b-pt__ccb39b90,he_she_odds_results__google_gemma-3-4b-pt__ccb39b90,/mnt/hum01-rds/Nikolaev_Dmitry/flos-code/he_she_odds_results__google_gemma-3-4b-pt.csv,google_gemma-3-4b-pt,selected_mixed_random_slopes__candidate__1__C_syntactic_role_C_valence,/mnt/hum01-rds/Nikolaev_Dmitry/flos-code/model_selection_data/runs/he_she_odds_results__google_gemma-3-4b-pt__ccb39b90/models/selected_mixed_random_slopes__candidate__1__C_syntactic_role_C_valence,random_slopes,log_he_she_odds ~ C(tense) + C(syntactic_role) + C(valence) + C(dominance) + C(tense):C(syntactic_role) + C(tense):C(valence) + C(tense):C(dominance) + C(valence):C(dominance),1 + C(semantic_role) + C(syntactic_role) + C(valence) + C(dominance),profession,lbfgs,True,4554.325226951849,4833.651807726053,-2236.1626134759244,6720,0.1103398295230122,0.03048177680806578,0.946993092081346,0.011569162552292015,0.01950544991011365,0.006009300699570149,0.004399118765926212
/mnt/hum01-rds/Nikolaev_Dmitry/flos-code/model_selection_data/runs/he_she_odds_results__google_gemma-3-4b-pt__ccb39b90,he_she_odds_results__google_gemma-3-4b-pt__ccb39b90,/mnt/hum01-rds/Nikolaev_Dmitry/flos-code/he_she_odds_results__google_gemma-3-4b-pt.csv,google_gemma-3-4b-pt,selected_mixed_random_slopes__candidate__0__C_syntactic_role_C_valence,/mnt/hum01-rds/Nikolaev_Dmitry/flos-code/model_selection_data/runs/he_she_odds_results__google_gemma-3-4b-pt__ccb39b90/models/selected_mixed_random_slopes__candidate__0__C_syntactic_role_C_valence,random_slopes,log_he_she_odds ~ C(tense) + C(syntactic_role) + C(valence) + C(dominance) + C(tense):C(syntactic_role) + C(tense):C(valence) + C(tense):C(dominance) + C(syntactic_role):C(dominance) + C(valence):C(dominance),1 + C(semantic_role) + C(syntactic_role) + C(valence) + C(dominance),profession,lbfgs,True,4555.4060744296,4841.545498637322,-2235.7030372148,6720,0.110324511091096,0.030486824278751625,0.9470046762354195,0.01157182413034752,0.019501197674243995,0.00601077892742627,0.004400162222652567
/mnt/hum01-rds/Nikolaev_Dmitry/flos-code/model_selection_data/runs/he_she_odds_results__google_gemma-3-4b-pt__ccb39b90,he_she_odds_results__google_gemma-3-4b-pt__ccb39b90,/mnt/hum01-rds/Nikolaev_Dmitry/flos-code/he_she_odds_results__google_gemma-3-4b-pt.csv,google_gemma-3-4b-pt,selected_mixed_random_slopes__candidate__1__C_tense_C_valence,/mnt/hum01-rds/Nikolaev_Dmitry/flos-code/model_selection_data/runs/he_she_odds_results__google_gemma-3-4b-pt__ccb39b90/models/selected_mixed_random_slopes__candidate__1__C_tense_C_valence,random_slopes,log_he_she_odds ~ C(tense) + C(syntactic_role) + C(valence) + C(dominance) + C(tense):C(syntactic_role) + C(tense):C(dominance) + C(syntactic_role):C(valence) + C(valence):C(dominance),1 + C(semantic_role) + C(syntactic_role) + C(valence) + C(dominance),profession,lbfgs,True,4555.932371841212,4808.007578881348,-2240.966185920606,6720,0.11049933909419571,0.03039439680117402,0.9469303619853477,0.011574263843737444,0.019523096922611168,0.006000365465330539,0.004400161213579692
/mnt/hum01-rds/Nikolaev_Dmitry/flos-code/model_selection_data/runs/he_she_odds_results__google_gemma-3-4b-pt__ccb39b90,he_she_odds_results__google_gemma-3-4b-pt__ccb39b90,/mnt/hum01-rds/Nikolaev_Dmitry/flos-code/he_she_odds_results__google_gemma-3-4b-pt.csv,google_gemma-3-4b-pt,selected_mixed_random_slopes__candidate__0__C_tense_C_valence,/mnt/hum01-rds/Nikolaev_Dmitry/flos-code/model_selection_data/runs/he_she_odds_results__google_gemma-3-4b-pt__ccb39b90/models/selected_mixed_random_slopes__candidate__0__C_tense_C_valence,random_slopes,log_he_she_odds ~ C(tense) + C(syntactic_role) + C(valence) + C(dominance) + C(tense):C(syntactic_role) + C(tense):C(dominance) + C(syntactic_role):C(valence) + C(syntactic_role):C(dominance) + C(valence):C(dominance),1 + C(semantic_role) + C(syntactic_role) + C(valence) + C(dominance),profession,lbfgs,True,4557.014589060454,4815.902639534108,-2240.507294530227,6720,0.11048385941235361,0.03036700414598669,0.946985551360752,0.011590186293148983,0.01952314264753747,0.006006700061073066,0.004402204788186267
/mnt/hum01-rds/Nikolaev_Dmitry/flos-code/model_selection_data/runs/he_she_odds_results__google_gemma-3-4b-pt__ccb39b90,he_she_odds_results__google_gemma-3-4b-pt__ccb39b90,/mnt/hum01-rds/Nikolaev_Dmitry/flos-code/he_she_odds_results__google_gemma-3-4b-pt.csv,google_gemma-3-4b-pt,selected_mixed_random_slopes__candidate__1__C_tense_C_syntactic_role,/mnt/hum01-rds/Nikolaev_Dmitry/flos-code/model_selection_data/runs/he_she_odds_results__google_gemma-3-4b-pt__ccb39b90/models/selected_mixed_random_slopes__candidate__1__C_tense_C_syntactic_role,random_slopes,log_he_she_odds ~ C(tense) + C(syntactic_role) + C(valence) + C(dominance) + C(tense):C(valence) + C(tense):C(dominance) + C(syntactic_role):C(valence) + C(valence):C(dominance),1 + C(semantic_role) + C(syntactic_role) + C(valence) + C(dominance),profession,lbfgs,True,4587.4945772473875,4839.569784287523,-2256.7472886236937,6720,0.11102556087059737,0.030215733787447234,0.9465766478925093,0.011558771101113188,0.0194704058423962,0.005998781506433993,0.004391824602892052
/mnt/hum01-rds/Nikolaev_Dmitry/flos-code/model_selection_data/runs/he_she_odds_results__google_gemma-3-4b-pt__ccb39b90,he_she_odds_results__google_gemma-3-4b-pt__ccb39b90,/mnt/hum01-rds/Nikolaev_Dmitry/flos-code/he_she_odds_results__google_gemma-3-4b-pt.csv,google_gemma-3-4b-pt,selected_mixed_random_slopes__candidate__0__C_tense_C_syntactic_role,/mnt/hum01-rds/Nikolaev_Dmitry/flos-code/model_selection_data/runs/he_she_odds_results__google_gemma-3-4b-pt__ccb39b90/models/selected_mixed_random_slopes__candidate__0__C_tense_C_syntactic_role,random_slopes,log_he_she_odds ~ C(tense) + C(syntactic_role) + C(valence) + C(dominance) + C(tense):C(valence) + C(tense):C(dominance) + C(syntactic_role):C(valence) + C(syntactic_role):C(dominance) + C(valence):C(dominance),1 + C(semantic_role) + C(syntactic_role) + C(valence) + C(dominance),profession,lbfgs,True,4588.581095185706,4847.469145659359,-2256.290547592853,6720,0.11101035976768225,0.03022754957559899,0.9465776282664942,0.011556128759564199,0.019467201071466458,0.005998699975945839,0.004391535480593465
/mnt/hum01-rds/Nikolaev_Dmitry/flos-code/model_selection_data/runs/he_she_odds_results__google_gemma-3-4b-pt__ccb39b90,he_she_odds_results__google_gemma-3-4b-pt__ccb39b90,/mnt/hum01-rds/Nikolaev_Dmitry/flos-code/he_she_odds_results__google_gemma-3-4b-pt.csv,google_gemma-3-4b-pt,selected_mixed_random_slopes__candidate__1__C_valence_C_dominance,/mnt/hum01-rds/Nikolaev_Dmitry/flos-code/model_selection_data/runs/he_she_odds_results__google_gemma-3-4b-pt__ccb39b90/models/selected_mixed_random_slopes__candidate__1__C_valence_C_dominance,random_slopes,log_he_she_odds ~ C(tense) + C(syntactic_role) + C(valence) + C(dominance) + C(tense):C(syntactic_role) + C(tense):C(valence) + C(tense):C(dominance) + C(syntactic_role):C(valence),1 + C(semantic_role) + C(syntactic_role) + C(valence) + C(dominance),profession,lbfgs,True,4675.214815233943,4954.541396008148,-2296.6074076169716,6720,0.1123646195536319,0.029640212217706824,0.9458475647267989,0.011528390366251341,0.01944747346502914,0.005984717734629195,0.004377039993299913
/mnt/hum01-rds/Nikolaev_Dmitry/flos-code/model_selection_data/runs/he_she_odds_results__google_gemma-3-4b-pt__ccb39b90,he_she_odds_results__google_gemma-3-4b-pt__ccb39b90,/mnt/hum01-rds/Nikolaev_Dmitry/flos-code/he_she_odds_results__google_gemma-3-4b-pt.csv,google_gemma-3-4b-pt,selected_mixed_random_slopes__candidate__0__C_valence_C_dominance,/mnt/hum01-rds/Nikolaev_Dmitry/flos-code/model_selection_data/runs/he_she_odds_results__google_gemma-3-4b-pt__ccb39b90/models/selected_mixed_random_slopes__candidate__0__C_valence_C_dominance,random_slopes,log_he_she_odds ~ C(tense) + C(syntactic_role) + C(valence) + C(dominance) + C(tense):C(syntactic_role) + C(tense):C(valence) + C(tense):C(dominance) + C(syntactic_role):C(valence) + C(syntactic_role):C(dominance),1 + C(semantic_role) + C(syntactic_role) + C(valence) + C(dominance),profession,lbfgs,True,4676.312124245058,4962.45154845278,-2296.156062122529,6720,0.11234938879930512,0.029600043212621205,0.9459206199096164,0.011540922840859195,0.01944736711753871,0.005985381698191783,0.004378334717312048
/mnt/hum01-rds/Nikolaev_Dmitry/flos-code/model_selection_data/runs/he_she_odds_results__google_gemma-3-4b-pt__ccb39b90,he_she_odds_results__google_gemma-3-4b-pt__ccb39b90,/mnt/hum01-rds/Nikolaev_Dmitry/flos-code/he_she_odds_results__google_gemma-3-4b-pt.csv,google_gemma-3-4b-pt,selected_mixed_random_slopes__random_intercept_baseline,/mnt/hum01-rds/Nikolaev_Dmitry/flos-code/model_selection_data/runs/he_she_odds_results__google_gemma-3-4b-pt__ccb39b90/models/selected_mixed_random_slopes__random_intercept_baseline,random_intercept_baseline,log_he_she_odds ~ C(tense) + C(syntactic_role) + C(valence) + C(dominance) + C(tense):C(syntactic_role) + C(tense):C(valence) + C(tense):C(dominance) + C(syntactic_role):C(valence) + C(valence):C(dominance),1,profession,lbfgs,True,4973.423090248441,5164.182706386923,-2458.7115451242207,6720,0.11956512485754243,0.04507327761372198,0.9175157265095064,,,,
/mnt/hum01-rds/Nikolaev_Dmitry/flos-code/model_selection_data/runs/he_she_odds_results__gpt2__54292870,he_she_odds_results__gpt2__54292870,/mnt/hum01-rds/Nikolaev_Dmitry/flos-code/he_she_odds_results__gpt2.csv,gpt2,selected_mixed_random_slopes,/mnt/hum01-rds/Nikolaev_Dmitry/flos-code/model_selection_data/runs/he_she_odds_results__gpt2__54292870/models/selected_mixed_random_slopes,random_slopes,log_he_she_odds ~ C(tense) + C(syntactic_role) + C(valence) + C(dominance) + C(tense):C(syntactic_role) + C(tense):C(valence) + C(tense):C(dominance) + C(syntactic_role):C(valence) + C(valence):C(dominance),1 + C(semantic_role) + C(syntactic_role) + C(valence) + C(dominance),profession,lbfgs,True,2096.7309869656237,2382.870411173346,-1006.3654934828119,6720,0.07617754461969618,0.019478890079102435,0.9052186957545499,0.015705522151567054,0.027660810602003226,0.0044819125972814814,0.005832167188926158
/mnt/hum01-rds/Nikolaev_Dmitry/flos-code/model_selection_data/runs/he_she_odds_results__gpt2__54292870,he_she_odds_results__gpt2__54292870,/mnt/hum01-rds/Nikolaev_Dmitry/flos-code/he_she_odds_results__gpt2.csv,gpt2,selected_mixed_random_slopes__candidate__0__C_syntactic_role_C_dominance,/mnt/hum01-rds/Nikolaev_Dmitry/flos-code/model_selection_data/runs/he_she_odds_results__gpt2__54292870/models/selected_mixed_random_slopes__candidate__0__C_syntactic_role_C_dominance,random_slopes,log_he_she_odds ~ C(tense) + C(syntactic_role) + C(valence) + C(dominance) + C(tense):C(syntactic_role) + C(tense):C(valence) + C(tense):C(dominance) + C(syntactic_role):C(valence) + C(valence):C(dominance),1 + C(semantic_role) + C(syntactic_role) + C(valence) + C(dominance),profession,lbfgs,True,2096.7309869656237,2382.870411173346,-1006.3654934828119,6720,0.07617754461969618,0.019478890079102435,0.9052186957545499,0.015705522151567054,0.027660810602003226,0.0044819125972814814,0.005832167188926158
/mnt/hum01-rds/Nikolaev_Dmitry/flos-code/model_selection_data/runs/he_she_odds_results__gpt2__54292870,he_she_odds_results__gpt2__54292870,/mnt/hum01-rds/Nikolaev_Dmitry/flos-code/he_she_odds_results__gpt2.csv,gpt2,selected_mixed_random_slopes__full,/mnt/hum01-rds/Nikolaev_Dmitry/flos-code/model_selection_data/runs/he_she_odds_results__gpt2__54292870/models/selected_mixed_random_slopes__full,random_slopes,log_he_she_odds ~ C(tense) + C(syntactic_role) + C(valence) + C(dominance) + C(tense):C(syntactic_role) + C(tense):C(valence) + C(tense):C(dominance) + C(syntactic_role):C(valence) + C(syntactic_role):C(dominance) + C(valence):C(dominance),1 + C(semantic_role) + C(syntactic_role) + C(valence) + C(dominance),profession,lbfgs,True,2097.8655820387066,2390.817849679946,-1005.9327910193533,6720,0.07619668772706843,0.01955081110280348,0.9039174565125051,0.014862694619610522,0.026478428846079576,0.004237090322505863,0.005336143313253015
/mnt/hum01-rds/Nikolaev_Dmitry/flos-code/model_selection_data/runs/he_she_odds_results__gpt2__54292870,he_she_odds_results__gpt2__54292870,/mnt/hum01-rds/Nikolaev_Dmitry/flos-code/he_she_odds_results__gpt2.csv,gpt2,selected_mixed_random_slopes__candidate__1__C_syntactic_role_C_valence,/mnt/hum01-rds/Nikolaev_Dmitry/flos-code/model_selection_data/runs/he_she_odds_results__gpt2__54292870/models/selected_mixed_random_slopes__candidate__1__C_syntactic_role_C_valence,random_slopes,log_he_she_odds ~ C(tense) + C(syntactic_role) + C(valence) + C(dominance) + C(tense):C(syntactic_role) + C(tense):C(valence) + C(tense):C(dominance) + C(valence):C(dominance),1 + C(semantic_role) + C(syntactic_role) + C(valence) + C(dominance),profession,lbfgs,True,2099.478528973632,2378.805109747837,-1008.739264486816,6720,0.0762448768420404,0.019371752740499827,0.9055013302516034,0.01578646754921258,0.02799085170775394,0.004396245342467008,0.005625981825337458
/mnt/hum01-rds/Nikolaev_Dmitry/flos-code/model_selection_data/runs/he_she_odds_results__gpt2__54292870,he_she_odds_results__gpt2__54292870,/mnt/hum01-rds/Nikolaev_Dmitry/flos-code/he_she_odds_results__gpt2.csv,gpt2,selected_mixed_random_slopes__candidate__0__C_syntactic_role_C_valence,/mnt/hum01-rds/Nikolaev_Dmitry/flos-code/model_selection_data/runs/he_she_odds_results__gpt2__54292870/models/selected_mixed_random_slopes__candidate__0__C_syntactic_role_C_valence,random_slopes,log_he_she_odds ~ C(tense) + C(syntactic_role) + C(valence) + C(dominance) + C(tense):C(syntactic_role) + C(tense):C(valence) + C(tense):C(dominance) + C(syntactic_role):C(dominance) + C(valence):C(dominance),1 + C(semantic_role) + C(syntactic_role) + C(valence) + C(dominance),profession,lbfgs,True,2100.698646945355,2386.838071153077,-1008.3493234726775,6720,0.07623036384979519,0.01934667632223438,0.9055615581989593,0.01587807026668116,0.027923120705092303,0.004453748405844918,0.005673256494894218
/mnt/hum01-rds/Nikolaev_Dmitry/flos-code/model_selection_data/runs/he_she_odds_results__gpt2__54292870,he_she_odds_results__gpt2__54292870,/mnt/hum01-rds/Nikolaev_Dmitry/flos-code/he_she_odds_results__gpt2.csv,gpt2,selected_mixed_random_slopes__candidate__1__C_tense_C_valence,/mnt/hum01-rds/Nikolaev_Dmitry/flos-code/model_selection_data/runs/he_she_odds_results__gpt2__54292870/models/selected_mixed_random_slopes__candidate__1__C_tense_C_valence,random_slopes,log_he_she_odds ~ C(tense) + C(syntactic_role) + C(valence) + C(dominance) + C(tense):C(syntactic_role) + C(tense):C(dominance) + C(syntactic_role):C(valence) + C(valence):C(dominance),1 + C(semantic_role) + C(syntactic_role) + C(valence) + C(dominance),profession,lbfgs,True,2117.440279757211,2369.5154867973474,-1021.7201398786056,6720,0.07655357256811675,0.019074087940439292,0.9037101149938329,0.01446707472364037,0.025919865930413278,0.0044211040442254474,0.005256852760258502
/mnt/hum01-rds/Nikolaev_Dmitry/flos-code/model_selection_data/runs/he_she_odds_results__gpt2__54292870,he_she_odds_results__gpt2__54292870,/mnt/hum01-rds/Nikolaev_Dmitry/flos-code/he_she_odds_results__gpt2.csv,gpt2,selected_mixed_random_slopes__candidate__1__C_tense_C_dominance,/mnt/hum01-rds/Nikolaev_Dmitry/flos-code/model_selection_data/runs/he_she_odds_results__gpt2__54292870/models/selected_mixed_random_slopes__candidate__1__C_tense_C_dominance,random_slopes,log_he_she_odds ~ C(tense) + C(syntactic_role) + C(valence) + C(dominance) + C(tense):C(syntactic_role) + C(tense):C(valence) + C(syntactic_role):C(valence) + C(valence):C(dominance),1 + C(semantic_role) + C(syntactic_role) + C(valence) + C(dominance),profession,lbfgs,True,2117.65364487817,2369.728851918306,-1021.8268224390849,6720,0.07655638024085902,0.01909439804608614,0.9036472875938413,0.014501014337542834,0.02614383010797359,0.0043369398237935956,0.005261600584576859
/mnt/hum01-rds/Nikolaev_Dmitry/flos-code/model_selection_data/runs/he_she_odds_results__gpt2__54292870,he_she_odds_results__gpt2__54292870,/mnt/hum01-rds/Nikolaev_Dmitry/flos-code/he_she_odds_results__gpt2.csv,gpt2,selected_mixed_random_slopes__candidate__0__C_tense_C_valence,/mnt/hum01-rds/Nikolaev_Dmitry/flos-code/model_selection_data/runs/he_she_odds_results__gpt2__54292870/models/selected_mixed_random_slopes__candidate__0__C_tense_C_valence,random_slopes,log_he_she_odds ~ C(tense) + C(syntactic_role) + C(valence) + C(dominance) + C(tense):C(syntactic_role) + C(tense):C(dominance) + C(syntactic_role):C(valence) + C(syntactic_role):C(dominance) + C(valence):C(dominance),1 + C(semantic_role) + C(syntactic_role) + C(valence) + C(dominance),profession,lbfgs,True,2118.553988308813,2377.4420387824666,-1021.2769941544066,6720,0.07653391065802906,0.01908927055383102,0.9039720746950163,0.014519936147646425,0.026107040530516844,0.004378645613862406,0.005374600271301465
/mnt/hum01-rds/Nikolaev_Dmitry/flos-code/model_selection_data/runs/he_she_odds_results__gpt2__54292870,he_she_odds_results__gpt2__54292870,/mnt/hum01-rds/Nikolaev_Dmitry/flos-code/he_she_odds_results__gpt2.csv,gpt2,selected_mixed_random_slopes__candidate__0__C_tense_C_dominance,/mnt/hum01-rds/Nikolaev_Dmitry/flos-code/model_selection_data/runs/he_she_odds_results__gpt2__54292870/models/selected_mixed_random_slopes__candidate__0__C_tense_C_dominance,random_slopes,log_he_she_odds ~ C(tense) + C(syntactic_role) + C(valence) + C(dominance) + C(tense):C(syntactic_role) + C(tense):C(valence) + C(syntactic_role):C(valence) + C(syntactic_role):C(dominance) + C(valence):C(dominance),1 + C(semantic_role) + C(syntactic_role) + C(valence) + C(dominance),profession,lbfgs,True,2119.1701053353318,2378.0581558089852,-1021.5850526676659,6720,0.07654851789136205,0.019073610104763685,0.9037905846856721,0.014472934938660335,0.0259211280209396,0.004425172039223202,0.005282959271005117
/mnt/hum01-rds/Nikolaev_Dmitry/flos-code/model_selection_data/runs/he_she_odds_results__gpt2__54292870,he_she_odds_results__gpt2__54292870,/mnt/hum01-rds/Nikolaev_Dmitry/flos-code/he_she_odds_results__gpt2.csv,gpt2,selected_mixed_random_slopes__candidate__1__C_tense_C_syntactic_role,/mnt/hum01-rds/Nikolaev_Dmitry/flos-code/model_selection_data/runs/he_she_odds_results__gpt2__54292870/models/selected_mixed_random_slopes__candidate__1__C_tense_C_syntactic_role,random_slopes,log_he_she_odds ~ C(tense) + C(syntactic_role) + C(valence) + C(dominance) + C(tense):C(valence) + C(tense):C(dominance) + C(syntactic_role):C(valence) + C(valence):C(dominance),1 + C(semantic_role) + C(syntactic_role) + C(valence) + C(dominance),profession,lbfgs,True,2174.6152588931363,2426.6904659332727,-1050.3076294465682,6720,0.07722150197668741,0.018215997258224384,0.9031907913834247,0.014273459241062917,0.02588996040315593,0.004351768853182202,0.005185341410092344
/mnt/hum01-rds/Nikolaev_Dmitry/flos-code/model_selection_data/runs/he_she_odds_results__gpt2__54292870,he_she_odds_results__gpt2__54292870,/mnt/hum01-rds/Nikolaev_Dmitry/flos-code/he_she_odds_results__gpt2.csv,gpt2,selected_mixed_random_slopes__candidate__0__C_tense_C_syntactic_role,/mnt/hum01-rds/Nikolaev_Dmitry/flos-code/model_selection_data/runs/he_she_odds_results__gpt2__54292870/models/selected_mixed_random_slopes__candidate__0__C_tense_C_syntactic_role,random_slopes,log_he_she_odds ~ C(tense) + C(syntactic_role) + C(valence) + C(dominance) + C(tense):C(valence) + C(tense):C(dominance) + C(syntactic_role):C(valence) + C(syntactic_role):C(dominance) + C(valence):C(dominance),1 + C(semantic_role) + C(syntactic_role) + C(valence) + C(dominance),profession,lbfgs,True,2175.760176862277,2434.6482273359306,-1049.8800884311386,6720,0.07721167204234793,0.018228407271941097,0.903194622304904,0.014277212742839725,0.025898609348643357,0.004349189422345268,0.005187806890776787
/mnt/hum01-rds/Nikolaev_Dmitry/flos-code/model_selection_data/runs/he_she_odds_results__gpt2__54292870,he_she_odds_results__gpt2__54292870,/mnt/hum01-rds/Nikolaev_Dmitry/flos-code/he_she_odds_results__gpt2.csv,gpt2,selected_mixed_random_slopes__candidate__1__C_valence_C_dominance,/mnt/hum01-rds/Nikolaev_Dmitry/flos-code/model_selection_data/runs/he_she_odds_results__gpt2__54292870/models/selected_mixed_random_slopes__candidate__1__C_valence_C_dominance,random_slopes,log_he_she_odds ~ C(tense) + C(syntactic_role) + C(valence) + C(dominance) + C(tense):C(syntactic_role) + C(tense):C(valence) + C(tense):C(dominance) + C(syntactic_role):C(valence),1 + C(semantic_role) + C(syntactic_role) + C(valence) + C(dominance),profession,lbfgs,True,2285.31091156038,2564.637492334585,-1101.65545578019,6720,0.07841086237676743,0.01675026437767114,0.9019432480211126,0.01441046178763182,0.025861205379448273,0.00443783263227705,0.005492163982578028
/mnt/hum01-rds/Nikolaev_Dmitry/flos-code/model_selection_data/runs/he_she_odds_results__gpt2__54292870,he_she_odds_results__gpt2__54292870,/mnt/hum01-rds/Nikolaev_Dmitry/flos-code/he_she_odds_results__gpt2.csv,gpt2,selected_mixed_random_slopes__candidate__0__C_valence_C_dominance,/mnt/hum01-rds/Nikolaev_Dmitry/flos-code/model_selection_data/runs/he_she_odds_results__gpt2__54292870/models/selected_mixed_random_slopes__candidate__0__C_valence_C_dominance,random_slopes,log_he_she_odds ~ C(tense) + C(syntactic_role) + C(valence) + C(dominance) + C(tense):C(syntactic_role) + C(tense):C(valence) + C(tense):C(dominance) + C(syntactic_role):C(valence) + C(syntactic_role):C(dominance),1 + C(semantic_role) + C(syntactic_role) + C(valence) + C(dominance),profession,lbfgs,True,2286.4822190859777,2572.6216432937,-1101.2411095429889,6720,0.07840164927568874,0.01675091326616388,0.9019215086100821,0.014369443358925656,0.0257440209008977,0.00446153939712194,0.005509241496126378
/mnt/hum01-rds/Nikolaev_Dmitry/flos-code/model_selection_data/runs/he_she_odds_results__gpt2__54292870,he_she_odds_results__gpt2__54292870,/mnt/hum01-rds/Nikolaev_Dmitry/flos-code/he_she_odds_results__gpt2.csv,gpt2,selected_mixed_random_slopes__random_intercept_baseline,/mnt/hum01-rds/Nikolaev_Dmitry/flos-code/model_selection_data/runs/he_she_odds_results__gpt2__54292870/models/selected_mixed_random_slopes__random_intercept_baseline,random_intercept_baseline,log_he_she_odds ~ C(tense) + C(syntactic_role) + C(valence) + C(dominance) + C(tense):C(syntactic_role) + C(tense):C(valence) + C(tense):C(dominance) + C(syntactic_role):C(valence) + C(valence):C(dominance),1,profession,lbfgs,True,3053.9003335705493,3244.6599497090306,-1498.9501667852746,6720,0.08987299353944363,0.014149411257655646,0.9078943207190411,,,,
/mnt/hum01-rds/Nikolaev_Dmitry/flos-code/model_selection_data/runs/he_she_odds_results__mistralai_Mistral-7B-v0.3__bb457d4b,he_she_odds_results__mistralai_Mistral-7B-v0.3__bb457d4b,/mnt/hum01-rds/Nikolaev_Dmitry/flos-code/he_she_odds_results__mistralai_Mistral-7B-v0.3.csv,mistralai_Mistral-7B-v0.3,selected_mixed_random_slopes__candidate__0__C_valence_C_dominance,/mnt/hum01-rds/Nikolaev_Dmitry/flos-code/model_selection_data/runs/he_she_odds_results__mistralai_Mistral-7B-v0.3__bb457d4b/models/selected_mixed_random_slopes__candidate__0__C_valence_C_dominance,random_slopes,log_he_she_odds ~ C(tense) + C(syntactic_role) + C(valence) + C(dominance) + C(tense):C(syntactic_role) + C(tense):C(valence) + C(tense):C(dominance) + C(syntactic_role):C(valence) + C(syntactic_role):C(dominance),1 + C(semantic_role) + C(syntactic_role) + C(valence) + C(dominance),profession,lbfgs,True,5524.239998067154,5810.379422274877,-2720.119999033577,6720,0.127789820729915,0.029528393473762467,0.9196593228023235,0.004462288094900696,0.00676220864906684,0.011297683652074826,0.005592743041191549
/mnt/hum01-rds/Nikolaev_Dmitry/flos-code/model_selection_data/runs/he_she_odds_results__mistralai_Mistral-7B-v0.3__bb457d4b,he_she_odds_results__mistralai_Mistral-7B-v0.3__bb457d4b,/mnt/hum01-rds/Nikolaev_Dmitry/flos-code/he_she_odds_results__mistralai_Mistral-7B-v0.3.csv,mistralai_Mistral-7B-v0.3,selected_mixed_random_slopes__full,/mnt/hum01-rds/Nikolaev_Dmitry/flos-code/model_selection_data/runs/he_she_odds_results__mistralai_Mistral-7B-v0.3__bb457d4b/models/selected_mixed_random_slopes__full,random_slopes,log_he_she_odds ~ C(tense) + C(syntactic_role) + C(valence) + C(dominance) + C(tense):C(syntactic_role) + C(tense):C(valence) + C(tense):C(dominance) + C(syntactic_role):C(valence) + C(syntactic_role):C(dominance) + C(valence):C(dominance),1 + C(semantic_role) + C(syntactic_role) + C(valence) + C(dominance),profession,lbfgs,True,5524.362340198262,5817.314607839502,-2719.181170099131,6720,0.1277537613375253,0.02955314865856438,0.9196757830895667,0.004462461749883005,0.006761920247493427,0.011297501298535087,0.0055928096728363914
/mnt/hum01-rds/Nikolaev_Dmitry/flos-code/model_selection_data/runs/he_she_odds_results__mistralai_Mistral-7B-v0.3__bb457d4b,he_she_odds_results__mistralai_Mistral-7B-v0.3__bb457d4b,/mnt/hum01-rds/Nikolaev_Dmitry/flos-code/he_she_odds_results__mistralai_Mistral-7B-v0.3.csv,mistralai_Mistral-7B-v0.3,selected_mixed_random_slopes,/mnt/hum01-rds/Nikolaev_Dmitry/flos-code/model_selection_data/runs/he_she_odds_results__mistralai_Mistral-7B-v0.3__bb457d4b/models/selected_mixed_random_slopes,random_slopes,log_he_she_odds ~ C(tense) + C(syntactic_role) + C(valence) + C(dominance) + C(tense):C(syntactic_role) + C(tense):C(valence) + C(tense):C(dominance) + C(syntactic_role):C(valence),1 + C(semantic_role) + C(syntactic_role) + C(valence) + C(dominance),profession,lbfgs,True,5526.050876277754,5805.377457051958,-2722.025438138877,6720,0.12786253521300484,0.02945328719903697,0.9196941230047903,0.004464437146617474,0.006758508850459879,0.011306211248739255,0.0055949647648544315
/mnt/hum01-rds/Nikolaev_Dmitry/flos-code/model_selection_data/runs/he_she_odds_results__mistralai_Mistral-7B-v0.3__bb457d4b,he_she_odds_results__mistralai_Mistral-7B-v0.3__bb457d4b,/mnt/hum01-rds/Nikolaev_Dmitry/flos-code/he_she_odds_results__mistralai_Mistral-7B-v0.3.csv,mistralai_Mistral-7B-v0.3,selected_mixed_random_slopes__candidate__1__C_syntactic_role_C_dominance,/mnt/hum01-rds/Nikolaev_Dmitry/flos-code/model_selection_data/runs/he_she_odds_results__mistralai_Mistral-7B-v0.3__bb457d4b/models/selected_mixed_random_slopes__candidate__1__C_syntactic_role_C_dominance,random_slopes,log_he_she_odds ~ C(tense) + C(syntactic_role) + C(valence) + C(dominance) + C(tense):C(syntactic_role) + C(tense):C(valence) + C(tense):C(dominance) + C(syntactic_role):C(valence),1 + C(semantic_role) + C(syntactic_role) + C(valence) + C(dominance),profession,lbfgs,True,5526.050876277754,5805.377457051958,-2722.025438138877,6720,0.12786253521300484,0.02945328719903697,0.9196941230047903,0.004464437146617474,0.006758508850459879,0.011306211248739255,0.0055949647648544315
/mnt/hum01-rds/Nikolaev_Dmitry/flos-code/model_selection_data/runs/he_she_odds_results__mistralai_Mistral-7B-v0.3__bb457d4b,he_she_odds_results__mistralai_Mistral-7B-v0.3__bb457d4b,/mnt/hum01-rds/Nikolaev_Dmitry/flos-code/he_she_odds_results__mistralai_Mistral-7B-v0.3.csv,mistralai_Mistral-7B-v0.3,selected_mixed_random_slopes__candidate__0__C_syntactic_role_C_dominance,/mnt/hum01-rds/Nikolaev_Dmitry/flos-code/model_selection_data/runs/he_she_odds_results__mistralai_Mistral-7B-v0.3__bb457d4b/models/selected_mixed_random_slopes__candidate__0__C_syntactic_role_C_dominance,random_slopes,log_he_she_odds ~ C(tense) + C(syntactic_role) + C(valence) + C(dominance) + C(tense):C(syntactic_role) + C(tense):C(valence) + C(tense):C(dominance) + C(syntactic_role):C(valence) + C(valence):C(dominance),1 + C(semantic_role) + C(syntactic_role) + C(valence) + C(dominance),profession,lbfgs,True,5526.174257590828,5812.3136817985505,-2721.087128795414,6720,0.12782702914512153,0.029511375183478114,0.9196194172560558,0.0044617563100002,0.006760681886527878,0.011296510351363679,0.005592037113884897
/mnt/hum01-rds/Nikolaev_Dmitry/flos-code/model_selection_data/runs/he_she_odds_results__mistralai_Mistral-7B-v0.3__bb457d4b,he_she_odds_results__mistralai_Mistral-7B-v0.3__bb457d4b,/mnt/hum01-rds/Nikolaev_Dmitry/flos-code/he_she_odds_results__mistralai_Mistral-7B-v0.3.csv,mistralai_Mistral-7B-v0.3,selected_mixed_random_slopes__candidate__1__C_tense_C_valence,/mnt/hum01-rds/Nikolaev_Dmitry/flos-code/model_selection_data/runs/he_she_odds_results__mistralai_Mistral-7B-v0.3__bb457d4b/models/selected_mixed_random_slopes__candidate__1__C_tense_C_valence,random_slopes,log_he_she_odds ~ C(tense) + C(syntactic_role) + C(valence) + C(dominance) + C(tense):C(syntactic_role) + C(tense):C(dominance) + C(syntactic_role):C(valence) + C(syntactic_role):C(dominance),1 + C(semantic_role) + C(syntactic_role) + C(valence) + C(dominance),profession,lbfgs,True,5540.014464503009,5792.0896715431445,-2733.0072322515043,6720,0.12828562266672328,0.029175657661587466,0.9194686667086241,0.004459242559882356,0.006761443492432513,0.011309777440459832,0.00558956479112371
/mnt/hum01-rds/Nikolaev_Dmitry/flos-code/model_selection_data/runs/he_she_odds_results__mistralai_Mistral-7B-v0.3__bb457d4b,he_she_odds_results__mistralai_Mistral-7B-v0.3__bb457d4b,/mnt/hum01-rds/Nikolaev_Dmitry/flos-code/he_she_odds_results__mistralai_Mistral-7B-v0.3.csv,mistralai_Mistral-7B-v0.3,selected_mixed_random_slopes__candidate__0__C_tense_C_valence,/mnt/hum01-rds/Nikolaev_Dmitry/flos-code/model_selection_data/runs/he_she_odds_results__mistralai_Mistral-7B-v0.3__bb457d4b/models/selected_mixed_random_slopes__candidate__0__C_tense_C_valence,random_slopes,log_he_she_odds ~ C(tense) + C(syntactic_role) + C(valence) + C(dominance) + C(tense):C(syntactic_role) + C(tense):C(dominance) + C(syntactic_role):C(valence) + C(syntactic_role):C(dominance) + C(valence):C(dominance),1 + C(semantic_role) + C(syntactic_role) + C(valence) + C(dominance),profession,lbfgs,True,5540.144025554051,5799.0320760277045,-2732.0720127770255,6720,0.1282499530097584,0.02924307979723855,0.9193671223518838,0.004458197213039667,0.006761535021663416,0.01129546241216046,0.005589228169797384
/mnt/hum01-rds/Nikolaev_Dmitry/flos-code/model_selection_data/runs/he_she_odds_results__mistralai_Mistral-7B-v0.3__bb457d4b,he_she_odds_results__mistralai_Mistral-7B-v0.3__bb457d4b,/mnt/hum01-rds/Nikolaev_Dmitry/flos-code/he_she_odds_results__mistralai_Mistral-7B-v0.3.csv,mistralai_Mistral-7B-v0.3,selected_mixed_random_slopes__candidate__2__C_tense_C_valence,/mnt/hum01-rds/Nikolaev_Dmitry/flos-code/model_selection_data/runs/he_she_odds_results__mistralai_Mistral-7B-v0.3__bb457d4b/models/selected_mixed_random_slopes__candidate__2__C_tense_C_valence,random_slopes,log_he_she_odds ~ C(tense) + C(syntactic_role) + C(valence) + C(dominance) + C(tense):C(syntactic_role) + C(tense):C(dominance) + C(syntactic_role):C(valence),1 + C(semantic_role) + C(syntactic_role) + C(valence) + C(dominance),profession,lbfgs,True,5541.810539199505,5787.072902806124,-2734.9052695997525,6720,0.12835947879088902,0.0291701197206785,0.9193120631848403,0.004457230111997694,0.006756186000670907,0.011297986305320905,0.005584143558803935
/mnt/hum01-rds/Nikolaev_Dmitry/flos-code/model_selection_data/runs/he_she_odds_results__mistralai_Mistral-7B-v0.3__bb457d4b,he_she_odds_results__mistralai_Mistral-7B-v0.3__bb457d4b,/mnt/hum01-rds/Nikolaev_Dmitry/flos-code/he_she_odds_results__mistralai_Mistral-7B-v0.3.csv,mistralai_Mistral-7B-v0.3,selected_mixed_random_slopes__candidate__1__C_syntactic_role_C_valence,/mnt/hum01-rds/Nikolaev_Dmitry/flos-code/model_selection_data/runs/he_she_odds_results__mistralai_Mistral-7B-v0.3__bb457d4b/models/selected_mixed_random_slopes__candidate__1__C_syntactic_role_C_valence,random_slopes,log_he_she_odds ~ C(tense) + C(syntactic_role) + C(valence) + C(dominance) + C(tense):C(syntactic_role) + C(tense):C(valence) + C(tense):C(dominance) + C(syntactic_role):C(dominance),1 + C(semantic_role) + C(syntactic_role) + C(valence) + C(dominance),profession,lbfgs,True,5545.684480742035,5825.011061516239,-2731.8422403710174,6720,0.12824109145485843,0.029250485496924935,0.9193674877395036,0.004458273399219589,0.006761633252913911,0.011295100303583962,0.005589488851142307
/mnt/hum01-rds/Nikolaev_Dmitry/flos-code/model_selection_data/runs/he_she_odds_results__mistralai_Mistral-7B-v0.3__bb457d4b,he_she_odds_results__mistralai_Mistral-7B-v0.3__bb457d4b,/mnt/hum01-rds/Nikolaev_Dmitry/flos-code/he_she_odds_results__mistralai_Mistral-7B-v0.3.csv,mistralai_Mistral-7B-v0.3,selected_mixed_random_slopes__candidate__0__C_syntactic_role_C_valence,/mnt/hum01-rds/Nikolaev_Dmitry/flos-code/model_selection_data/runs/he_she_odds_results__mistralai_Mistral-7B-v0.3__bb457d4b/models/selected_mixed_random_slopes__candidate__0__C_syntactic_role_C_valence,random_slopes,log_he_she_odds ~ C(tense) + C(syntactic_role) + C(valence) + C(dominance) + C(tense):C(syntactic_role) + C(tense):C(valence) + C(tense):C(dominance) + C(syntactic_role):C(dominance) + C(valence):C(dominance),1 + C(semantic_role) + C(syntactic_role) + C(valence) + C(dominance),profession,lbfgs,True,5545.813465296909,5831.9528895046315,-2730.9067326484546,6720,0.12820469669192797,0.029232626490896352,0.9195011743346067,0.004458590806613114,0.006762787480088822,0.011305980829327449,0.005592008496804371
/mnt/hum01-rds/Nikolaev_Dmitry/flos-code/model_selection_data/runs/he_she_odds_results__mistralai_Mistral-7B-v0.3__bb457d4b,he_she_odds_results__mistralai_Mistral-7B-v0.3__bb457d4b,/mnt/hum01-rds/Nikolaev_Dmitry/flos-code/he_she_odds_results__mistralai_Mistral-7B-v0.3.csv,mistralai_Mistral-7B-v0.3,selected_mixed_random_slopes__candidate__2__C_syntactic_role_C_valence,/mnt/hum01-rds/Nikolaev_Dmitry/flos-code/model_selection_data/runs/he_she_odds_results__mistralai_Mistral-7B-v0.3__bb457d4b/models/selected_mixed_random_slopes__candidate__2__C_syntactic_role_C_valence,random_slopes,log_he_she_odds ~ C(tense) + C(syntactic_role) + C(valence) + C(dominance) + C(tense):C(syntactic_role) + C(tense):C(valence) + C(tense):C(dominance),1 + C(semantic_role) + C(syntactic_role) + C(valence) + C(dominance),profession,lbfgs,True,5547.481925261876,5819.995662602564,-2733.740962630938,6720,0.12831409434188754,0.029173879926430623,0.9194071829825056,0.004458729942525627,0.006761000136456477,0.011304420774218869,0.00558817811083858
/mnt/hum01-rds/Nikolaev_Dmitry/flos-code/model_selection_data/runs/he_she_odds_results__mistralai_Mistral-7B-v0.3__bb457d4b,he_she_odds_results__mistralai_Mistral-7B-v0.3__bb457d4b,/mnt/hum01-rds/Nikolaev_Dmitry/flos-code/he_she_odds_results__mistralai_Mistral-7B-v0.3.csv,mistralai_Mistral-7B-v0.3,selected_mixed_random_slopes__candidate__1__C_tense_C_dominance,/mnt/hum01-rds/Nikolaev_Dmitry/flos-code/model_selection_data/runs/he_she_odds_results__mistralai_Mistral-7B-v0.3__bb457d4b/models/selected_mixed_random_slopes__candidate__1__C_tense_C_dominance,random_slopes,log_he_she_odds ~ C(tense) + C(syntactic_role) + C(valence) + C(dominance) + C(tense):C(syntactic_role) + C(tense):C(valence) + C(syntactic_role):C(valence) + C(syntactic_role):C(dominance),1 + C(semantic_role) + C(syntactic_role) + C(valence) + C(dominance),profession,lbfgs,True,5571.924587033398,5823.999794073534,-2748.962293516699,6720,0.12890348979022853,0.02885281017485983,0.9189109094111974,0.0044511461969462705,0.006753233746209629,0.011284433484454686,0.005581134396374587
/mnt/hum01-rds/Nikolaev_Dmitry/flos-code/model_selection_data/runs/he_she_odds_results__mistralai_Mistral-7B-v0.3__bb457d4b,he_she_odds_results__mistralai_Mistral-7B-v0.3__bb457d4b,/mnt/hum01-rds/Nikolaev_Dmitry/flos-code/he_she_odds_results__mistralai_Mistral-7B-v0.3.csv,mistralai_Mistral-7B-v0.3,selected_mixed_random_slopes__candidate__0__C_tense_C_dominance,/mnt/hum01-rds/Nikolaev_Dmitry/flos-code/model_selection_data/runs/he_she_odds_results__mistralai_Mistral-7B-v0.3__bb457d4b/models/selected_mixed_random_slopes__candidate__0__C_tense_C_dominance,random_slopes,log_he_she_odds ~ C(tense) + C(syntactic_role) + C(valence) + C(dominance) + C(tense):C(syntactic_role) + C(tense):C(valence) + C(syntactic_role):C(valence) + C(syntactic_role):C(dominance) + C(valence):C(dominance),1 + C(semantic_role) + C(syntactic_role) + C(valence) + C(dominance),profession,lbfgs,True,5572.063141416402,5830.951191890055,-2748.031570708201,6720,0.1288671143709102,0.028855658565556892,0.9189886811203293,0.004452570404481407,0.006752778356504256,0.011291897032039299,0.005585585280981729
/mnt/hum01-rds/Nikolaev_Dmitry/flos-code/model_selection_data/runs/he_she_odds_results__mistralai_Mistral-7B-v0.3__bb457d4b,he_she_odds_results__mistralai_Mistral-7B-v0.3__bb457d4b,/mnt/hum01-rds/Nikolaev_Dmitry/flos-code/he_she_odds_results__mistralai_Mistral-7B-v0.3.csv,mistralai_Mistral-7B-v0.3,selected_mixed_random_slopes__candidate__2__C_tense_C_dominance,/mnt/hum01-rds/Nikolaev_Dmitry/flos-code/model_selection_data/runs/he_she_odds_results__mistralai_Mistral-7B-v0.3__bb457d4b/models/selected_mixed_random_slopes__candidate__2__C_tense_C_dominance,random_slopes,log_he_she_odds ~ C(tense) + C(syntactic_role) + C(valence) + C(dominance) + C(tense):C(syntactic_role) + C(tense):C(valence) + C(syntactic_role):C(valence),1 + C(semantic_role) + C(syntactic_role) + C(valence) + C(dominance),profession,lbfgs,True,5573.7025306295545,5818.964894236174,-2750.8512653147773,6720,0.12897627257840455,0.028791986635650035,0.9189076867259629,0.004452740173978317,0.006754276074738979,0.011290555860060272,0.005584358797283032
/mnt/hum01-rds/Nikolaev_Dmitry/flos-code/model_selection_data/runs/he_she_odds_results__mistralai_Mistral-7B-v0.3__bb457d4b,he_she_odds_results__mistralai_Mistral-7B-v0.3__bb457d4b,/mnt/hum01-rds/Nikolaev_Dmitry/flos-code/he_she_odds_results__mistralai_Mistral-7B-v0.3.csv,mistralai_Mistral-7B-v0.3,selected_mixed_random_slopes__candidate__1__C_tense_C_syntactic_role,/mnt/hum01-rds/Nikolaev_Dmitry/flos-code/model_selection_data/runs/he_she_odds_results__mistralai_Mistral-7B-v0.3__bb457d4b/models/selected_mixed_random_slopes__candidate__1__C_tense_C_syntactic_role,random_slopes,log_he_she_odds ~ C(tense) + C(syntactic_role) + C(valence) + C(dominance) + C(tense):C(valence) + C(tense):C(dominance) + C(syntactic_role):C(valence) + C(syntactic_role):C(dominance),1 + C(semantic_role) + C(syntactic_role) + C(valence) + C(dominance),profession,lbfgs,True,5580.39576100323,5832.470968043366,-2753.197880501615,6720,0.12906733931294034,0.02874284716215564,0.918829311034971,0.0044512997593329,0.006757656452419369,0.011284891835155355,0.005581529185211617
/mnt/hum01-rds/Nikolaev_Dmitry/flos-code/model_selection_data/runs/he_she_odds_results__mistralai_Mistral-7B-v0.3__bb457d4b,he_she_odds_results__mistralai_Mistral-7B-v0.3__bb457d4b,/mnt/hum01-rds/Nikolaev_Dmitry/flos-code/he_she_odds_results__mistralai_Mistral-7B-v0.3.csv,mistralai_Mistral-7B-v0.3,selected_mixed_random_slopes__candidate__0__C_tense_C_syntactic_role,/mnt/hum01-rds/Nikolaev_Dmitry/flos-code/model_selection_data/runs/he_she_odds_results__mistralai_Mistral-7B-v0.3__bb457d4b/models/selected_mixed_random_slopes__candidate__0__C_tense_C_syntactic_role,random_slopes,log_he_she_odds ~ C(tense) + C(syntactic_role) + C(valence) + C(dominance) + C(tense):C(valence) + C(tense):C(dominance) + C(syntactic_role):C(valence) + C(syntactic_role):C(dominance) + C(valence):C(dominance),1 + C(semantic_role) + C(syntactic_role) + C(valence) + C(dominance),profession,lbfgs,True,5580.5366929496595,5839.424743423313,-2752.2683464748297,6720,0.12903141825626613,0.02875710547558721,0.9188749676197127,0.004451244136250049,0.0067526874239928845,0.01129085042757266,0.005583696022326235
/mnt/hum01-rds/Nikolaev_Dmitry/flos-code/model_selection_data/runs/he_she_odds_results__mistralai_Mistral-7B-v0.3__bb457d4b,he_she_odds_results__mistralai_Mistral-7B-v0.3__bb457d4b,/mnt/hum01-rds/Nikolaev_Dmitry/flos-code/he_she_odds_results__mistralai_Mistral-7B-v0.3.csv,mistralai_Mistral-7B-v0.3,selected_mixed_random_slopes__candidate__2__C_tense_C_syntactic_role,/mnt/hum01-rds/Nikolaev_Dmitry/flos-code/model_selection_data/runs/he_she_odds_results__mistralai_Mistral-7B-v0.3__bb457d4b/models/selected_mixed_random_slopes__candidate__2__C_tense_C_syntactic_role,random_slopes,log_he_she_odds ~ C(tense) + C(syntactic_role) + C(valence) + C(dominance) + C(tense):C(valence) + C(tense):C(dominance) + C(syntactic_role):C(valence),1 + C(semantic_role) + C(syntactic_role) + C(valence) + C(dominance),profession,lbfgs,True,5582.168880313104,5827.431243919723,-2755.084440156552,6720,0.12914090090391944,0.028698530914373195,0.9187793565050374,0.004449732633247557,0.0067528561697557405,0.011284041350561616,0.005580940157032789
/mnt/hum01-rds/Nikolaev_Dmitry/flos-code/model_selection_data/runs/he_she_odds_results__mistralai_Mistral-7B-v0.3__bb457d4b,he_she_odds_results__mistralai_Mistral-7B-v0.3__bb457d4b,/mnt/hum01-rds/Nikolaev_Dmitry/flos-code/he_she_odds_results__mistralai_Mistral-7B-v0.3.csv,mistralai_Mistral-7B-v0.3,selected_mixed_random_slopes__random_intercept_baseline,/mnt/hum01-rds/Nikolaev_Dmitry/flos-code/model_selection_data/runs/he_she_odds_results__mistralai_Mistral-7B-v0.3__bb457d4b/models/selected_mixed_random_slopes__random_intercept_baseline,random_intercept_baseline,log_he_she_odds ~ C(tense) + C(syntactic_role) + C(valence) + C(dominance) + C(tense):C(syntactic_role) + C(tense):C(valence) + C(tense):C(dominance) + C(syntactic_role):C(valence),1,profession,lbfgs,True,5782.311541214527,5966.258313919491,-2864.1557706072635,6720,0.13490468541098935,0.029689917616178056,0.914728244506128,,,,
